id,paramName,date,vote0,vote1,vote2,vote3,vote4
1365,fishingToday,2025-08-26,1,0,0,0,0
1364,fishingToday,2025-08-25,1,0,0,0,0
1363,fishingToday,2025-08-24,0,1,0,0,0
1362,fishingToday,2025-08-23,0,0,1,0,0
1361,fishingToday,2025-08-22,0,1,0,0,0
1360,fishingToday,2025-08-20,0,0,1,0,0
1359,fishingToday,2025-08-19,1,0,0,0,0
1358,fishingToday,2025-08-14,0,1,0,0,0
1357,fishingToday,2025-08-13,1,0,0,0,0
1356,fishingToday,2025-08-10,1,0,0,0,0
1355,fishingToday,2025-08-09,0,3,0,0,0
1339,fishingToday,2025-05-24,0,2,0,0,0
1316,fishingToday,2025-03-03,1,0,0,0,0
1315,fishingToday,2025-02-28,1,0,0,0,0
1314,fishingToday,2025-02-02,1,0,0,0,0
1313,fishingToday,2025-01-22,1,0,0,0,0
1312,fishingToday,2025-01-08,0,1,0,0,0
1311,fishingToday,2025-01-03,0,0,1,0,0
1310,fishingToday,2025-01-01,1,0,0,0,0
1309,fishingToday,2024-12-28,1,0,0,0,0
1308,fishingToday,2024-12-17,0,1,0,0,0
1307,fishingToday,2024-12-14,0,0,1,0,0
1306,fishingToday,2024-12-04,0,1,0,0,0
1305,fishingToday,2024-11-24,1,0,0,0,0
1304,fishingToday,2024-11-11,0,1,0,0,0
1303,fishingToday,2024-11-10,0,1,0,0,0
1302,fishingToday,2024-11-09,2,0,0,0,0
1301,fishingToday,2024-11-05,0,1,1,0,0
1300,fishingToday,2024-10-29,1,0,0,0,0
1299,fishingToday,2024-10-20,1,0,0,0,0
1298,fishingToday,2024-10-10,1,0,0,0,0
1297,fishingToday,2024-09-12,0,0,1,0,0
1296,fishingToday,2024-09-09,0,1,0,0,0
1295,fishingToday,2024-09-05,1,0,0,0,0
1294,fishingToday,2024-09-03,1,0,0,0,0
1293,fishingToday,2024-09-02,0,1,0,0,0
1292,fishingToday,2024-09-01,1,0,0,0,0
1291,fishingToday,2024-08-29,1,0,0,0,0
1290,fishingToday,2024-08-28,1,1,0,0,0
1289,fishingToday,2024-08-26,1,0,0,0,0
1288,fishingToday,2024-08-20,1,0,0,0,0
1287,fishingToday,2024-08-15,0,1,0,0,0
1286,fishingToday,2024-08-14,0,0,1,0,0
1285,fishingToday,2024-08-13,0,0,1,0,0
1284,fishingToday,2024-08-10,0,0,1,0,0
1283,fishingToday,2024-08-04,0,0,1,0,0
1282,fishingToday,2024-08-02,1,0,0,0,0
1281,fishingToday,2024-07-30,0,0,1,0,0
1280,fishingToday,2024-07-29,0,1,0,0,0
1279,fishingToday,2024-07-27,0,0,1,0,0
1278,fishingToday,2024-07-25,1,0,1,0,0
1277,fishingToday,2024-07-21,1,0,0,0,0
1276,fishingToday,2024-07-13,0,0,1,0,0
1275,fishingToday,2024-07-02,0,0,1,0,0
1274,fishingToday,2024-06-30,1,0,0,0,0
1273,fishingToday,2024-06-28,1,0,0,0,0
1272,fishingToday,2024-06-27,0,0,1,0,0
1271,fishingToday,2024-06-12,1,0,0,0,0
1270,fishingToday,2024-06-10,0,1,0,0,0
1269,fishingToday,2024-06-06,0,0,1,0,0
1268,fishingToday,2024-06-01,0,1,0,0,0
1267,fishingToday,2024-05-18,0,1,0,0,0
1266,fishingToday,2024-05-16,0,1,0,0,0
1265,fishingToday,2024-05-15,1,1,0,0,0
1264,fishingToday,2024-05-10,1,0,0,0,0
1263,fishingToday,2024-05-05,1,0,1,0,0
1262,fishingToday,2024-05-03,0,0,1,0,0
1261,fishingToday,2024-05-02,0,1,0,0,0
1260,fishingToday,2024-04-29,1,0,0,0,0
1259,fishingToday,2024-04-26,1,0,0,0,0
1258,fishingToday,2024-04-20,0,1,0,0,0
1257,fishingToday,2024-04-18,1,0,0,0,0
1256,fishingToday,2024-04-16,0,1,0,0,0
1255,fishingToday,2024-04-15,0,1,0,0,0
1254,fishingToday,2024-04-10,1,0,0,0,0
1253,fishingToday,2024-04-08,0,0,1,0,0
1252,fishingToday,2024-04-03,0,0,1,0,0
1251,fishingToday,2024-04-02,0,0,1,0,0
1250,fishingToday,2024-03-31,0,2,0,0,0
1249,fishingToday,2024-03-27,1,0,0,0,0
1248,fishingToday,2024-03-26,0,1,0,0,0
1247,fishingToday,2024-03-25,1,0,0,0,0
1246,fishingToday,2024-03-22,1,0,0,0,0
1245,fishingToday,2024-03-21,0,1,0,0,0
1244,fishingToday,2024-03-18,1,0,0,0,0
1243,fishingToday,2024-03-17,0,2,0,0,0
1242,fishingToday,2024-03-13,0,1,0,0,0
1241,fishingToday,2024-03-09,0,1,0,0,0
1240,fishingToday,2024-03-06,0,1,0,0,0
1239,fishingToday,2024-03-05,1,0,0,0,0
1238,fishingToday,2024-02-26,0,0,1,0,0
1237,fishingToday,2024-02-24,0,1,0,0,0
1236,fishingToday,2024-02-23,0,1,0,0,0
1235,fishingToday,2024-02-19,1,0,0,0,0
1234,fishingToday,2024-02-15,1,0,0,0,0
1233,fishingToday,2024-02-14,0,0,1,0,0
1232,fishingToday,2024-02-13,0,0,1,0,0
1231,fishingToday,2024-02-12,1,0,0,0,0
1230,fishingToday,2024-02-02,1,0,0,0,0
1229,fishingToday,2024-02-01,0,0,1,0,0
1228,fishingToday,2024-01-23,0,1,0,0,0
1227,fishingToday,2024-01-11,1,0,0,0,0
1226,fishingToday,2024-01-10,1,0,0,0,0
1225,fishingToday,2023-12-26,1,0,0,0,0
1224,fishingToday,2023-12-23,1,0,0,0,0
1223,fishingToday,2023-12-21,1,0,0,0,0
1222,fishingToday,2023-12-19,1,0,0,0,0
1221,fishingToday,2023-12-18,0,0,1,0,0
1220,fishingToday,2023-12-15,0,1,0,0,0
1219,fishingToday,2023-12-05,0,0,1,0,0
1218,fishingToday,2023-12-01,0,0,1,0,0
1217,fishingToday,2023-11-24,0,1,0,0,0
1216,fishingToday,2023-11-20,0,1,0,0,0
1215,fishingToday,2023-11-17,0,0,1,0,0
1214,fishingToday,2023-11-11,0,1,0,0,0
1213,fishingToday,2023-11-10,0,0,1,0,0
1212,fishingToday,2023-11-09,0,1,0,0,0
1211,fishingToday,2023-11-08,0,0,1,0,0
1210,fishingToday,2023-11-01,1,0,1,0,0
1209,fishingToday,2023-10-29,0,0,1,0,0
1208,fishingToday,2023-10-28,0,1,0,0,0
1207,fishingToday,2023-10-26,1,0,0,0,0
1206,fishingToday,2023-10-25,0,0,1,0,0
1205,fishingToday,2023-10-21,0,1,0,0,0
1204,fishingToday,2023-10-20,0,1,0,0,0
1203,fishingToday,2023-10-19,1,0,2,0,0
1202,fishingToday,2023-10-18,2,0,0,0,0
1201,fishingToday,2023-10-15,1,0,0,0,0
1200,fishingToday,2023-10-11,1,0,0,0,0
1199,fishingToday,2023-10-08,0,1,0,0,0
1198,fishingToday,2023-10-06,1,2,0,0,0
1197,fishingToday,2023-10-05,1,0,0,0,0
1196,fishingToday,2023-10-04,0,1,2,0,0
1195,fishingToday,2023-10-01,2,0,0,0,0
1194,fishingToday,2023-09-29,0,1,0,0,0
1193,fishingToday,2023-09-20,1,0,0,0,0
1192,fishingToday,2023-09-19,0,0,2,0,0
1191,fishingToday,2023-09-15,1,0,0,0,0
1190,fishingToday,2023-09-06,0,1,0,0,0
1189,fishingToday,2023-09-02,0,1,0,0,0
1188,fishingToday,2023-09-01,0,2,0,0,0
1187,fishingToday,2023-08-31,1,0,0,0,0
1186,fishingToday,2023-08-28,1,0,0,0,0
1185,fishingToday,2023-08-23,0,1,0,0,0
1184,fishingToday,2023-08-21,1,0,0,0,0
1183,fishingToday,2023-08-20,1,0,0,0,0
1182,fishingToday,2023-08-06,1,0,0,0,0
1181,fishingToday,2023-08-05,0,0,1,0,0
1180,fishingToday,2023-08-04,1,0,0,0,0
1179,fishingToday,2023-08-03,1,0,0,0,0
1178,fishingToday,2023-07-31,0,0,2,0,0
1177,fishingToday,2023-07-29,0,0,1,0,0
1176,fishingToday,2023-07-21,1,0,0,0,0
1175,fishingToday,2023-07-20,1,0,0,0,0
1174,fishingToday,2023-07-19,0,1,0,0,0
1173,fishingToday,2023-07-16,0,1,0,0,0
1172,fishingToday,2023-07-15,0,1,1,0,0
1171,fishingToday,2023-07-10,0,1,0,0,0
1170,fishingToday,2023-07-08,0,1,0,0,0
1169,fishingToday,2023-07-07,1,0,0,0,0
1168,fishingToday,2023-07-06,1,0,0,0,0
1167,fishingToday,2023-07-04,0,0,1,0,0
1166,fishingToday,2023-07-02,0,0,1,0,0
1165,fishingToday,2023-07-01,0,0,1,0,0
1164,fishingToday,2023-06-30,1,0,0,0,0
1163,fishingToday,2023-06-29,1,0,0,0,0
1162,fishingToday,2023-06-28,0,1,0,0,0
1161,fishingToday,2023-06-26,0,1,0,0,0
1160,fishingToday,2023-06-19,0,1,0,0,0
1159,fishingToday,2023-06-17,0,0,1,0,0
1158,fishingToday,2023-06-14,0,1,1,0,0
1157,fishingToday,2023-06-12,0,1,0,0,0
1156,fishingToday,2023-06-11,0,1,0,0,0
1155,fishingToday,2023-06-10,2,0,0,0,0
1154,fishingToday,2023-06-09,1,0,0,0,0
1153,fishingToday,2023-06-08,0,1,0,0,0
1152,fishingToday,2023-06-07,0,2,0,0,0
1151,fishingToday,2023-06-03,0,1,0,0,0
1150,fishingToday,2023-06-02,1,0,0,0,0
1149,fishingToday,2023-05-31,0,0,1,0,0
1148,fishingToday,2023-05-30,1,0,0,0,0
1147,fishingToday,2023-05-28,0,1,0,0,0
1146,fishingToday,2023-05-25,1,0,0,0,0
1145,fishingToday,2023-05-23,0,1,0,0,0
1144,fishingToday,2023-05-21,0,1,0,0,0
1143,fishingToday,2023-05-20,1,0,0,0,0
1142,fishingToday,2023-05-14,0,1,0,0,0
1141,fishingToday,2023-05-13,1,0,0,0,0
1140,fishingToday,2023-05-09,0,0,1,0,0
1139,fishingToday,2023-05-06,2,1,0,0,0
1138,fishingToday,2023-05-05,0,0,1,0,0
1137,fishingToday,2023-05-02,2,0,0,0,0
1136,fishingToday,2023-04-29,1,1,0,0,0
1135,fishingToday,2023-04-28,0,1,0,0,0
1134,fishingToday,2023-04-23,0,0,1,0,0
1133,fishingToday,2023-04-20,1,0,0,0,0
1132,fishingToday,2023-04-19,1,0,0,0,0
1131,fishingToday,2023-04-17,1,0,0,0,0
1130,fishingToday,2023-04-11,1,0,0,0,0
1129,fishingToday,2023-04-09,1,1,0,0,0
1128,fishingToday,2023-04-08,0,0,1,0,0
1127,fishingToday,2023-03-27,0,1,0,0,0
1126,fishingToday,2023-03-22,1,0,0,0,0
1125,fishingToday,2023-03-21,0,0,1,0,0
1124,fishingToday,2023-03-20,0,1,0,0,0
1123,fishingToday,2023-03-16,0,1,0,0,0
1122,fishingToday,2023-03-13,0,1,0,0,0
1121,fishingToday,2023-03-07,0,1,1,0,0
1120,fishingToday,2023-03-01,0,0,1,0,0
1119,fishingToday,2023-02-26,2,0,0,0,0
1118,fishingToday,2023-02-24,0,1,0,0,0
1117,fishingToday,2023-02-21,0,1,0,0,0
1116,fishingToday,2023-02-20,1,1,1,0,0
1115,fishingToday,2023-02-18,1,1,1,0,0
1114,fishingToday,2023-02-17,1,0,0,0,0
1113,fishingToday,2023-02-16,1,0,0,0,0
1112,fishingToday,2023-02-12,0,2,0,0,0
1111,fishingToday,2023-02-11,0,0,2,0,0
1110,fishingToday,2023-02-10,1,1,0,0,0
1109,fishingToday,2023-02-07,3,0,0,0,0
1108,fishingToday,2023-02-04,1,0,1,0,0
1107,fishingToday,2023-02-01,0,0,2,0,0
1106,fishingToday,2023-01-31,0,0,1,0,0
1105,fishingToday,2023-01-30,1,0,1,0,0
1104,fishingToday,2023-01-29,0,0,3,0,0
1103,fishingToday,2023-01-26,1,0,0,0,0
1102,fishingToday,2023-01-20,0,1,0,0,0
1101,fishingToday,2023-01-13,0,0,1,0,0
1100,fishingToday,2023-01-12,1,0,1,0,0
1099,fishingToday,2023-01-11,2,0,0,0,0
1098,fishingToday,2023-01-09,0,1,1,0,0
1097,fishingToday,2023-01-07,0,0,1,0,0
1096,fishingToday,2023-01-06,1,0,0,0,0
1095,fishingToday,2023-01-04,0,0,2,0,0
1094,fishingToday,2023-01-03,0,1,0,0,0
1093,fishingToday,2022-12-27,0,2,0,0,0
1092,fishingToday,2022-12-25,1,0,1,0,0
1091,fishingToday,2022-12-24,0,0,1,0,0
1090,fishingToday,2022-12-23,0,0,1,0,0
1089,fishingToday,2022-12-22,0,0,1,0,0
1088,fishingToday,2022-12-17,0,1,0,0,0
1087,fishingToday,2022-12-13,2,0,1,0,0
1086,fishingToday,2022-12-09,0,1,0,0,0
1085,fishingToday,2022-12-05,0,1,0,0,0
1084,fishingToday,2022-12-04,0,0,1,0,0
1083,fishingToday,2022-12-03,0,1,0,0,0
1082,fishingToday,2022-12-02,1,0,0,0,0
1081,fishingToday,2022-11-29,1,0,0,0,0
1080,fishingToday,2022-11-28,0,1,0,0,0
1079,fishingToday,2022-11-27,0,1,0,0,0
1078,fishingToday,2022-11-10,0,1,0,0,0
1077,fishingToday,2022-11-03,2,1,0,0,0
1076,fishingToday,2022-10-29,1,0,0,0,0
1075,fishingToday,2022-10-26,0,1,0,0,0
1074,fishingToday,2022-10-23,1,1,1,0,0
1073,fishingToday,2022-10-21,0,1,0,0,0
1072,fishingToday,2022-10-16,0,0,1,0,0
1071,fishingToday,2022-10-15,0,0,1,0,0
1070,fishingToday,2022-10-12,1,0,0,0,0
1069,fishingToday,2022-10-10,0,1,0,0,0
1068,fishingToday,2022-10-03,0,0,1,0,0
1067,fishingToday,2022-10-02,1,0,0,0,0
1066,fishingToday,2022-09-30,1,0,0,0,0
1065,fishingToday,2022-09-26,0,0,1,0,0
1064,fishingToday,2022-09-25,0,1,1,0,0
1063,fishingToday,2022-09-22,1,0,0,0,0
1062,fishingToday,2022-09-20,0,0,1,0,0
1061,fishingToday,2022-09-19,1,1,1,0,0
1060,fishingToday,2022-09-17,1,0,0,0,0
1059,fishingToday,2022-09-15,1,0,0,0,0
1058,fishingToday,2022-09-13,0,0,1,0,0
1057,fishingToday,2022-09-11,0,0,1,0,0
1056,fishingToday,2022-09-10,1,0,0,0,0
1055,fishingToday,2022-09-09,0,1,0,0,0
1054,fishingToday,2022-09-04,1,0,1,0,0
1053,fishingToday,2022-09-01,0,0,1,0,0
1052,fishingToday,2022-08-27,0,2,1,0,0
1051,fishingToday,2022-08-26,1,0,0,0,0
1050,fishingToday,2022-08-23,0,0,1,0,0
1049,fishingToday,2022-08-21,0,0,2,0,0
1048,fishingToday,2022-08-19,0,1,0,0,0
1047,fishingToday,2022-08-15,0,0,1,0,0
1046,fishingToday,2022-08-14,3,0,1,0,0
1045,fishingToday,2022-08-09,1,0,0,0,0
1044,fishingToday,2022-08-06,1,0,0,0,0
1043,fishingToday,2022-07-30,4,4,1,0,0
1042,fishingToday,2022-07-29,1,1,0,0,0
1041,fishingToday,2022-07-27,0,1,0,0,0
1040,fishingToday,2022-07-23,0,1,1,0,0
1039,fishingToday,2022-07-21,1,0,0,0,0
1038,fishingToday,2022-07-20,0,0,1,0,0
1037,fishingToday,2022-07-18,1,0,0,0,0
1036,fishingToday,2022-07-16,0,0,1,0,0
1035,fishingToday,2022-07-13,0,2,0,0,0
1034,fishingToday,2022-07-12,1,0,0,0,0
1033,fishingToday,2022-07-09,0,1,2,0,0
1032,fishingToday,2022-07-03,0,0,1,0,0
1031,fishingToday,2022-07-02,0,0,1,0,0
1030,fishingToday,2022-06-29,0,1,0,0,0
1029,fishingToday,2022-06-28,0,0,1,0,0
1028,fishingToday,2022-06-27,2,0,0,0,0
1027,fishingToday,2022-06-26,0,1,0,0,0
1026,fishingToday,2022-06-22,1,0,0,0,0
1025,fishingToday,2022-06-21,0,0,1,0,0
1024,fishingToday,2022-06-17,0,0,1,0,0
1023,fishingToday,2022-06-15,1,0,0,0,0
1022,fishingToday,2022-06-12,1,1,0,0,0
1021,fishingToday,2022-06-09,0,0,1,0,0
1020,fishingToday,2022-06-08,0,0,2,0,0
1019,fishingToday,2022-06-07,1,0,0,0,0
1018,fishingToday,2022-06-06,0,0,2,0,0
1017,fishingToday,2022-06-05,0,1,0,0,0
1016,fishingToday,2022-06-04,0,1,0,0,0
1015,fishingToday,2022-06-03,1,0,0,0,0
1014,fishingToday,2022-06-02,1,0,0,0,0
1013,fishingToday,2022-05-31,0,1,0,0,0
1012,fishingToday,2022-05-28,0,1,0,0,0
1011,fishingToday,2022-05-24,0,0,1,0,0
1010,fishingToday,2022-05-23,1,1,0,0,0
1009,fishingToday,2022-05-22,1,0,0,0,0
1008,fishingToday,2022-05-21,0,1,2,0,0
1007,fishingToday,2022-05-18,0,1,0,0,0
1006,fishingToday,2022-05-13,0,0,1,0,0
1005,fishingToday,2022-05-11,0,1,0,0,0
1004,fishingToday,2022-05-09,0,1,0,0,0
1003,fishingToday,2022-05-08,0,2,1,0,0
1002,fishingToday,2022-05-07,0,0,1,0,0
1001,fishingToday,2022-05-05,1,1,1,0,0
1000,fishingToday,2022-05-04,0,0,1,0,0
999,fishingToday,2022-05-03,0,1,0,0,0
998,fishingToday,2022-05-02,1,0,2,0,0
997,fishingToday,2022-05-01,0,0,1,0,0
996,fishingToday,2022-04-28,0,0,1,0,0
995,fishingToday,2022-04-27,0,0,1,0,0
994,fishingToday,2022-04-21,0,0,1,0,0
993,fishingToday,2022-04-16,0,1,1,0,0
992,fishingToday,2022-04-14,1,0,0,0,0
991,fishingToday,2022-04-12,1,0,0,0,0
990,fishingToday,2022-04-11,0,1,0,0,0
989,fishingToday,2022-04-03,1,0,0,0,0
988,fishingToday,2022-03-29,0,0,1,0,0
987,fishingToday,2022-03-28,0,0,1,0,0
986,fishingToday,2022-03-27,1,0,1,0,0
985,fishingToday,2022-03-01,0,1,0,0,0
984,fishingToday,2022-02-19,0,1,0,0,0
983,fishingToday,2022-02-18,0,2,0,0,0
982,fishingToday,2022-02-14,0,1,0,0,0
981,fishingToday,2022-02-13,0,1,0,0,0
980,fishingToday,2022-02-12,0,0,1,0,0
979,fishingToday,2022-02-09,0,0,1,0,0
978,fishingToday,2022-02-08,0,1,1,0,0
977,fishingToday,2022-02-06,0,0,2,0,0
976,fishingToday,2022-01-31,0,0,2,0,0
975,fishingToday,2022-01-24,0,0,1,0,0
974,fishingToday,2022-01-14,1,0,1,0,0
973,fishingToday,2022-01-13,1,0,0,0,0
972,fishingToday,2022-01-10,0,0,1,0,0
971,fishingToday,2022-01-07,0,1,0,0,0
970,fishingToday,2022-01-06,0,1,0,0,0
969,fishingToday,2022-01-05,0,0,1,0,0
968,fishingToday,2022-01-04,1,0,0,0,0
967,fishingToday,2022-01-02,0,1,0,0,0
966,fishingToday,2021-12-30,0,0,1,0,0
965,fishingToday,2021-12-29,1,0,0,0,0
964,fishingToday,2021-12-22,1,0,0,0,0
963,fishingToday,2021-12-18,0,0,1,0,0
962,fishingToday,2021-12-16,0,1,0,0,0
961,fishingToday,2021-12-13,0,2,0,0,0
960,fishingToday,2021-12-12,1,1,1,0,0
959,fishingToday,2021-12-11,0,1,0,0,0
958,fishingToday,2021-11-18,2,0,0,0,0
957,fishingToday,2021-11-14,0,1,0,0,0
956,fishingToday,2021-11-12,1,0,0,0,0
955,fishingToday,2021-11-11,0,0,1,0,0
954,fishingToday,2021-11-08,2,0,0,0,0
953,fishingToday,2021-11-07,1,1,2,0,0
952,fishingToday,2021-11-06,0,0,3,0,0
951,fishingToday,2021-11-04,0,0,1,0,0
950,fishingToday,2021-10-29,1,0,1,0,0
949,fishingToday,2021-10-23,2,0,0,0,0
948,fishingToday,2021-10-22,1,0,0,0,0
947,fishingToday,2021-10-21,0,0,1,0,0
946,fishingToday,2021-10-17,0,0,1,0,0
945,fishingToday,2021-10-16,0,0,1,0,0
944,fishingToday,2021-10-14,0,0,1,0,0
943,fishingToday,2021-10-13,0,0,1,0,0
942,fishingToday,2021-10-08,1,0,0,0,0
941,fishingToday,2021-10-07,2,0,0,0,0
940,fishingToday,2021-10-04,0,0,1,0,0
939,fishingToday,2021-10-02,1,0,0,0,0
938,fishingToday,2021-09-26,0,0,1,0,0
937,fishingToday,2021-09-25,1,1,1,0,0
936,fishingToday,2021-09-22,0,1,1,0,0
935,fishingToday,2021-09-21,1,0,0,0,0
934,fishingToday,2021-09-20,0,1,0,0,0
933,fishingToday,2021-09-16,0,2,1,0,0
932,fishingToday,2021-09-15,0,1,0,0,0
931,fishingToday,2021-09-09,0,1,0,0,0
930,fishingToday,2021-09-08,1,0,1,0,0
929,fishingToday,2021-09-05,1,0,0,0,0
928,fishingToday,2021-09-04,0,0,3,0,0
927,fishingToday,2021-09-02,0,0,1,0,0
926,fishingToday,2021-08-31,0,1,0,0,0
925,fishingToday,2021-08-30,1,0,0,0,0
924,fishingToday,2021-08-27,0,1,0,0,0
923,fishingToday,2021-08-21,0,1,0,0,0
922,fishingToday,2021-08-17,0,1,0,0,0
921,fishingToday,2021-08-16,0,1,0,0,0
920,fishingToday,2021-08-15,0,1,0,0,0
919,fishingToday,2021-08-14,0,1,0,0,0
918,fishingToday,2021-08-13,1,0,1,0,0
917,fishingToday,2021-08-12,0,1,1,0,0
916,fishingToday,2021-08-07,0,0,1,0,0
915,fishingToday,2021-08-04,0,0,1,0,0
914,fishingToday,2021-08-02,1,2,0,0,0
913,fishingToday,2021-08-01,0,1,1,0,0
912,fishingToday,2021-07-31,0,1,0,0,0
911,fishingToday,2021-07-30,1,0,0,0,0
910,fishingToday,2021-07-27,0,2,0,0,0
909,fishingToday,2021-07-26,0,1,0,0,0
908,fishingToday,2021-07-24,1,0,1,0,0
907,fishingToday,2021-07-20,0,0,2,0,0
906,fishingToday,2021-07-17,0,1,0,0,0
905,fishingToday,2021-07-15,0,1,1,0,0
904,fishingToday,2021-07-14,0,1,1,0,0
903,fishingToday,2021-07-13,0,0,1,0,0
902,fishingToday,2021-07-12,1,0,0,0,0
901,fishingToday,2021-07-09,0,1,2,0,0
900,fishingToday,2021-07-06,1,0,0,0,0
899,fishingToday,2021-07-05,1,0,0,0,0
898,fishingToday,2021-07-03,0,0,1,0,0
897,fishingToday,2021-07-02,0,0,1,0,0
896,fishingToday,2021-06-30,1,0,0,0,0
895,fishingToday,2021-06-29,0,1,0,0,0
894,fishingToday,2021-06-24,0,0,1,0,0
893,fishingToday,2021-06-15,0,0,1,0,0
892,fishingToday,2021-06-14,1,0,1,0,0
891,fishingToday,2021-06-12,0,0,1,0,0
890,fishingToday,2021-06-10,0,1,0,0,0
889,fishingToday,2021-06-08,0,0,1,0,0
888,fishingToday,2021-06-07,0,0,1,0,0
887,fishingToday,2021-06-06,1,0,0,0,0
886,fishingToday,2021-06-05,0,1,0,0,0
885,fishingToday,2021-06-04,0,0,2,0,0
884,fishingToday,2021-06-01,1,1,0,0,0
883,fishingToday,2021-05-31,1,0,0,0,0
882,fishingToday,2021-05-30,1,0,0,0,0
881,fishingToday,2021-05-28,0,0,1,0,0
880,fishingToday,2021-05-26,0,0,1,0,0
879,fishingToday,2021-05-24,0,0,1,0,0
878,fishingToday,2021-05-23,0,0,1,0,0
877,fishingToday,2021-05-21,0,1,1,0,0
876,fishingToday,2021-05-20,0,0,1,0,0
875,fishingToday,2021-05-19,0,0,1,0,0
874,fishingToday,2021-05-17,0,2,2,0,0
873,fishingToday,2021-05-13,0,0,1,0,0
872,fishingToday,2021-05-07,1,0,0,0,0
871,fishingToday,2021-05-04,1,0,0,0,0
870,fishingToday,2021-05-03,0,1,1,0,0
869,fishingToday,2021-05-02,0,0,2,0,0
868,fishingToday,2021-05-01,0,1,2,0,0
867,fishingToday,2021-04-30,0,1,0,0,0
866,fishingToday,2021-04-28,0,1,0,0,0
865,fishingToday,2021-04-27,1,0,0,0,0
864,fishingToday,2021-04-26,1,0,0,0,0
863,fishingToday,2021-04-25,0,0,1,0,0
862,fishingToday,2021-04-23,0,0,2,0,0
861,fishingToday,2021-04-22,0,0,1,0,0
860,fishingToday,2021-04-21,0,0,1,0,0
859,fishingToday,2021-04-20,0,1,2,0,0
858,fishingToday,2021-04-19,0,0,1,0,0
857,fishingToday,2021-04-18,1,1,1,0,0
856,fishingToday,2021-04-17,1,0,1,0,0
855,fishingToday,2021-04-16,0,3,0,0,0
854,fishingToday,2021-04-13,1,1,0,0,0
853,fishingToday,2021-04-11,0,0,1,0,0
852,fishingToday,2021-04-10,0,0,1,0,0
851,fishingToday,2021-04-09,0,0,1,0,0
850,fishingToday,2021-04-05,2,1,0,0,0
849,fishingToday,2021-04-04,0,0,2,0,0
848,fishingToday,2021-04-01,0,0,1,0,0
847,fishingToday,2021-03-29,1,0,1,0,0
846,fishingToday,2021-03-28,0,1,0,0,0
845,fishingToday,2021-03-26,0,0,3,0,0
844,fishingToday,2021-03-23,0,1,0,0,0
843,fishingToday,2021-03-22,0,1,1,0,0
842,fishingToday,2021-03-17,0,1,0,0,0
841,fishingToday,2021-03-16,0,1,0,0,0
840,fishingToday,2021-03-13,0,1,0,0,0
839,fishingToday,2021-03-12,0,0,1,0,0
838,fishingToday,2021-03-11,0,1,0,0,0
837,fishingToday,2021-03-10,0,1,0,0,0
836,fishingToday,2021-03-09,0,5,1,0,0
835,fishingToday,2021-03-07,0,0,1,0,0
834,fishingToday,2021-03-06,0,0,1,0,0
833,fishingToday,2021-03-04,1,0,0,0,0
832,fishingToday,2021-03-03,0,0,1,0,0
831,fishingToday,2021-02-27,0,0,1,0,0
830,fishingToday,2021-02-26,0,1,0,0,0
829,fishingToday,2021-02-24,1,1,0,0,0
828,fishingToday,2021-02-22,1,0,0,0,0
827,fishingToday,2021-02-21,0,1,3,0,0
826,fishingToday,2021-02-14,0,1,2,0,0
825,fishingToday,2021-02-12,0,1,0,0,0
824,fishingToday,2021-02-11,0,0,1,0,0
823,fishingToday,2021-02-07,1,0,0,0,0
822,fishingToday,2021-02-05,1,0,0,0,0
821,fishingToday,2021-02-03,0,1,0,0,0
820,fishingToday,2021-01-31,0,1,1,0,0
819,fishingToday,2021-01-30,0,0,2,0,0
818,fishingToday,2021-01-29,0,0,1,0,0
817,fishingToday,2021-01-24,0,1,0,0,0
816,fishingToday,2021-01-23,1,0,2,0,0
815,fishingToday,2021-01-22,2,0,0,0,0
814,fishingToday,2021-01-17,0,0,1,0,0
813,fishingToday,2021-01-16,1,0,0,0,0
812,fishingToday,2021-01-14,1,0,1,0,0
811,fishingToday,2021-01-11,1,0,1,0,0
810,fishingToday,2021-01-10,1,0,0,0,0
809,fishingToday,2021-01-01,0,0,2,0,0
808,fishingToday,2020-12-30,0,1,0,0,0
807,fishingToday,2020-12-29,0,1,0,0,0
806,fishingToday,2020-12-28,1,0,0,0,0
805,fishingToday,2020-12-26,1,0,0,0,0
804,fishingToday,2020-12-25,0,1,3,0,0
803,fishingToday,2020-12-21,0,0,1,0,0
802,fishingToday,2020-12-19,0,1,0,0,0
801,fishingToday,2020-12-12,0,0,1,0,0
800,fishingToday,2020-12-10,1,0,0,0,0
799,fishingToday,2020-12-07,1,1,0,0,0
798,fishingToday,2020-12-06,1,0,1,0,0
797,fishingToday,2020-12-02,0,1,1,0,0
796,fishingToday,2020-11-29,0,0,1,0,0
795,fishingToday,2020-11-28,0,1,0,0,0
794,fishingToday,2020-11-26,0,2,0,0,0
793,fishingToday,2020-11-25,0,0,1,0,0
792,fishingToday,2020-11-24,0,0,2,0,0
791,fishingToday,2020-11-23,0,0,3,0,0
790,fishingToday,2020-11-22,0,1,2,0,0
789,fishingToday,2020-11-21,1,1,2,0,0
788,fishingToday,2020-11-20,0,1,1,0,0
787,fishingToday,2020-11-19,0,0,1,0,0
786,fishingToday,2020-11-18,0,1,0,0,0
785,fishingToday,2020-11-17,0,1,0,0,0
784,fishingToday,2020-11-14,0,1,0,0,0
783,fishingToday,2020-11-13,0,1,0,0,0
782,fishingToday,2020-11-12,0,1,0,0,0
781,fishingToday,2020-11-10,0,0,1,0,0
780,fishingToday,2020-11-09,0,0,1,0,0
779,fishingToday,2020-11-08,1,0,2,0,0
778,fishingToday,2020-11-07,0,1,0,0,0
777,fishingToday,2020-11-03,0,0,1,0,0
776,fishingToday,2020-11-02,0,0,1,0,0
775,fishingToday,2020-11-01,1,0,1,0,0
774,fishingToday,2020-10-29,0,3,0,0,0
773,fishingToday,2020-10-25,0,1,0,0,0
772,fishingToday,2020-10-23,1,1,0,0,0
771,fishingToday,2020-10-20,1,1,2,0,0
770,fishingToday,2020-10-18,2,0,0,0,0
769,fishingToday,2020-10-17,0,0,1,0,0
768,fishingToday,2020-10-15,0,0,1,0,0
767,fishingToday,2020-10-13,0,1,0,0,0
766,fishingToday,2020-10-12,0,1,0,0,0
765,fishingToday,2020-10-11,0,1,2,0,0
764,fishingToday,2020-10-10,0,0,1,0,0
763,fishingToday,2020-10-09,0,0,1,0,0
762,fishingToday,2020-10-08,0,0,3,0,0
761,fishingToday,2020-10-07,0,1,0,0,0
760,fishingToday,2020-10-06,1,1,1,0,0
759,fishingToday,2020-10-03,0,1,1,0,0
758,fishingToday,2020-10-02,0,1,0,0,0
757,fishingToday,2020-09-29,0,0,2,0,0
756,fishingToday,2020-09-27,0,1,0,0,0
755,fishingToday,2020-09-26,1,0,0,0,0
754,fishingToday,2020-09-25,1,0,2,0,0
753,fishingToday,2020-09-22,0,1,0,0,0
752,fishingToday,2020-09-20,0,1,0,0,0
751,fishingToday,2020-09-19,0,1,0,0,0
750,fishingToday,2020-09-16,0,1,0,0,0
749,fishingToday,2020-09-15,0,0,1,0,0
748,fishingToday,2020-09-14,0,1,0,0,0
747,fishingToday,2020-09-13,0,0,2,0,0
746,fishingToday,2020-09-11,0,0,1,0,0
745,fishingToday,2020-09-09,0,1,1,0,0
744,fishingToday,2020-09-08,2,0,0,0,0
743,fishingToday,2020-09-05,1,0,0,0,0
742,fishingToday,2020-09-04,0,2,0,0,0
741,fishingToday,2020-09-03,0,1,1,0,0
740,fishingToday,2020-09-01,0,1,0,0,0
739,fishingToday,2020-08-30,1,0,1,0,0
738,fishingToday,2020-08-28,0,1,2,0,0
737,fishingToday,2020-08-27,0,1,0,0,0
736,fishingToday,2020-08-26,0,1,2,0,0
735,fishingToday,2020-08-24,1,0,0,0,0
734,fishingToday,2020-08-23,0,1,1,0,0
733,fishingToday,2020-08-22,1,1,1,0,0
732,fishingToday,2020-08-21,0,0,1,0,0
731,fishingToday,2020-08-18,0,0,1,0,0
730,fishingToday,2020-08-17,1,0,0,0,0
729,fishingToday,2020-08-16,1,2,1,0,0
728,fishingToday,2020-08-12,0,0,1,0,0
727,fishingToday,2020-08-10,0,1,1,0,0
726,fishingToday,2020-08-09,0,1,0,0,0
725,fishingToday,2020-08-08,0,1,0,0,0
724,fishingToday,2020-08-07,1,1,0,0,0
723,fishingToday,2020-08-06,0,0,1,0,0
722,fishingToday,2020-08-01,0,2,1,0,0
721,fishingToday,2020-07-31,0,0,1,0,0
720,fishingToday,2020-07-29,1,2,1,0,0
719,fishingToday,2020-07-26,2,1,1,0,0
718,fishingToday,2020-07-25,1,0,0,0,0
717,fishingToday,2020-07-22,2,0,2,0,0
716,fishingToday,2020-07-21,1,1,1,0,0
715,fishingToday,2020-07-20,0,1,0,0,0
714,fishingToday,2020-07-19,0,0,2,0,0
713,fishingToday,2020-07-17,1,0,2,0,0
712,fishingToday,2020-07-15,0,1,1,0,0
711,fishingToday,2020-07-13,0,0,1,0,0
710,fishingToday,2020-07-12,3,2,0,0,0
709,fishingToday,2020-07-11,0,1,0,0,0
708,fishingToday,2020-07-10,2,0,1,0,0
707,fishingToday,2020-07-09,0,0,1,0,0
706,fishingToday,2020-07-08,0,1,0,0,0
705,fishingToday,2020-07-05,0,0,1,0,0
704,fishingToday,2020-07-01,0,1,0,0,0
703,fishingToday,2020-06-30,1,0,1,0,0
702,fishingToday,2020-06-29,0,1,0,0,0
701,fishingToday,2020-06-28,1,2,0,0,0
700,fishingToday,2020-06-27,1,0,1,0,0
699,fishingToday,2020-06-25,2,0,1,0,0
698,fishingToday,2020-06-24,0,1,1,0,0
697,fishingToday,2020-06-23,1,2,0,0,0
696,fishingToday,2020-06-22,1,0,0,0,0
695,fishingToday,2020-06-21,0,2,0,0,0
694,fishingToday,2020-06-18,0,0,2,0,0
693,fishingToday,2020-06-17,1,2,2,0,0
692,fishingToday,2020-06-14,1,1,1,0,0
691,fishingToday,2020-06-13,0,2,3,0,0
690,fishingToday,2020-06-09,3,0,0,0,0
689,fishingToday,2020-06-07,0,0,1,0,0
688,fishingToday,2020-06-05,0,0,2,0,0
687,fishingToday,2020-06-03,0,2,0,0,0
686,fishingToday,2020-06-02,2,0,0,0,0
685,fishingToday,2020-05-31,1,0,1,0,0
684,fishingToday,2020-05-30,1,1,2,0,0
683,fishingToday,2020-05-29,3,0,0,0,0
682,fishingToday,2020-05-28,2,1,0,0,0
681,fishingToday,2020-05-27,0,1,0,0,0
680,fishingToday,2020-05-26,0,1,0,0,0
679,fishingToday,2020-05-25,4,0,0,0,0
678,fishingToday,2020-05-24,0,1,1,0,0
677,fishingToday,2020-05-23,1,2,1,0,0
676,fishingToday,2020-05-22,1,0,0,0,0
675,fishingToday,2020-05-21,0,0,2,0,0
674,fishingToday,2020-05-20,0,0,1,0,0
673,fishingToday,2020-05-19,2,1,1,0,0
672,fishingToday,2020-05-18,1,0,1,0,0
671,fishingToday,2020-05-17,1,1,1,0,0
670,fishingToday,2020-05-16,0,2,1,0,0
669,fishingToday,2020-05-15,1,1,0,0,0
668,fishingToday,2020-05-14,1,0,1,0,0
667,fishingToday,2020-05-13,0,1,0,0,0
666,fishingToday,2020-05-12,0,2,0,0,0
665,fishingToday,2020-05-11,0,0,4,0,0
664,fishingToday,2020-05-10,0,1,1,0,0
663,fishingToday,2020-05-09,1,3,3,0,0
662,fishingToday,2020-05-08,5,1,0,0,0
661,fishingToday,2020-05-07,1,1,0,0,0
660,fishingToday,2020-05-06,1,2,0,0,0
659,fishingToday,2020-05-05,0,2,1,0,0
658,fishingToday,2020-05-04,0,1,3,0,0
657,fishingToday,2020-05-03,0,1,2,0,0
656,fishingToday,2020-05-02,5,2,2,0,0
655,fishingToday,2020-05-01,1,2,2,0,0
654,fishingToday,2020-04-30,0,0,1,0,0
653,fishingToday,2020-04-28,0,2,0,0,0
652,fishingToday,2020-04-27,0,1,3,0,0
651,fishingToday,2020-04-26,0,0,1,0,0
650,fishingToday,2020-04-25,0,1,0,0,0
649,fishingToday,2020-04-24,3,0,0,0,0
648,fishingToday,2020-04-23,1,2,0,0,0
647,fishingToday,2020-04-22,0,0,2,0,0
646,fishingToday,2020-04-21,0,2,2,0,0
645,fishingToday,2020-04-20,2,1,1,0,0
644,fishingToday,2020-04-19,2,0,1,0,0
643,fishingToday,2020-04-18,1,1,1,0,0
642,fishingToday,2020-04-16,1,0,2,0,0
641,fishingToday,2020-04-15,0,0,2,0,0
640,fishingToday,2020-04-14,0,2,0,0,0
639,fishingToday,2020-04-13,1,0,3,0,0
638,fishingToday,2020-04-12,2,2,1,0,0
637,fishingToday,2020-04-11,1,4,2,0,0
636,fishingToday,2020-04-10,1,2,0,0,0
635,fishingToday,2020-04-09,1,0,0,0,0
634,fishingToday,2020-04-08,1,0,0,0,0
633,fishingToday,2020-04-07,1,0,0,0,0
632,fishingToday,2020-04-06,0,2,4,0,0
631,fishingToday,2020-04-05,2,0,0,0,0
630,fishingToday,2020-04-04,0,1,3,0,0
629,fishingToday,2020-04-03,1,0,1,0,0
628,fishingToday,2020-04-02,1,1,3,0,0
627,fishingToday,2020-04-01,1,0,1,0,0
626,fishingToday,2020-03-31,0,2,1,0,0
625,fishingToday,2020-03-30,0,0,1,0,0
624,fishingToday,2020-03-29,0,0,1,0,0
623,fishingToday,2020-03-28,0,0,1,0,0
622,fishingToday,2020-03-27,1,0,2,0,0
621,fishingToday,2020-03-25,0,0,1,0,0
620,fishingToday,2020-03-24,1,0,0,0,0
619,fishingToday,2020-03-23,0,1,1,0,0
618,fishingToday,2020-03-22,1,0,1,0,0
617,fishingToday,2020-03-21,1,2,1,0,0
616,fishingToday,2020-03-20,0,2,1,0,0
615,fishingToday,2020-03-19,0,1,0,0,0
614,fishingToday,2020-03-18,0,1,3,0,0
613,fishingToday,2020-03-17,1,0,0,0,0
612,fishingToday,2020-03-16,0,0,2,0,0
611,fishingToday,2020-03-15,0,1,1,0,0
610,fishingToday,2020-03-14,1,1,3,0,0
609,fishingToday,2020-03-13,2,0,1,0,0
608,fishingToday,2020-03-12,1,2,0,0,0
607,fishingToday,2020-03-11,2,1,1,0,0
606,fishingToday,2020-03-10,0,0,3,0,0
605,fishingToday,2020-03-09,1,0,0,0,0
604,fishingToday,2020-03-06,1,0,0,0,0
603,fishingToday,2020-03-05,0,0,1,0,0
602,fishingToday,2020-03-04,1,0,1,0,0
601,fishingToday,2020-03-03,1,0,0,0,0
600,fishingToday,2020-03-02,0,0,1,0,0
599,fishingToday,2020-03-01,0,0,1,0,0
598,fishingToday,2020-02-29,0,0,2,0,0
597,fishingToday,2020-02-28,0,2,0,0,0
596,fishingToday,2020-02-27,0,0,2,0,0
595,fishingToday,2020-02-26,0,0,1,0,0
594,fishingToday,2020-02-25,1,2,1,0,0
593,fishingToday,2020-02-24,0,1,0,0,0
592,fishingToday,2020-02-23,0,1,1,0,0
591,fishingToday,2020-02-22,0,1,0,0,0
590,fishingToday,2020-02-20,1,0,1,0,0
589,fishingToday,2020-02-19,2,0,0,0,0
588,fishingToday,2020-02-16,1,1,0,0,0
587,fishingToday,2020-02-15,1,1,1,0,0
586,fishingToday,2020-02-14,0,0,1,0,0
585,fishingToday,2020-02-11,1,0,1,0,0
584,fishingToday,2020-02-08,0,1,1,0,0
583,fishingToday,2020-02-06,0,0,3,0,0
582,fishingToday,2020-02-04,0,1,1,0,0
581,fishingToday,2020-02-03,0,1,1,0,0
580,fishingToday,2020-02-02,0,0,2,0,0
579,fishingToday,2020-02-01,1,0,1,0,0
578,fishingToday,2020-01-31,0,0,1,0,0
577,fishingToday,2020-01-30,2,1,0,0,0
576,fishingToday,2020-01-28,0,1,1,0,0
575,fishingToday,2020-01-26,0,0,1,0,0
574,fishingToday,2020-01-23,0,1,0,0,0
573,fishingToday,2020-01-22,2,0,1,0,0
572,fishingToday,2020-01-21,0,1,1,0,0
571,fishingToday,2020-01-20,0,2,1,0,0
570,fishingToday,2020-01-19,1,0,0,0,0
569,fishingToday,2020-01-17,1,1,0,0,0
568,fishingToday,2020-01-14,0,2,0,0,0
567,fishingToday,2020-01-13,0,0,1,0,0
566,fishingToday,2020-01-12,0,1,1,0,0
565,fishingToday,2020-01-10,0,2,0,0,0
564,fishingToday,2020-01-09,0,2,1,0,0
563,fishingToday,2020-01-08,0,1,1,0,0
562,fishingToday,2020-01-07,0,0,1,0,0
561,fishingToday,2020-01-06,2,1,0,0,0
560,fishingToday,2020-01-04,0,1,0,0,0
559,fishingToday,2020-01-02,0,0,2,0,0
558,fishingToday,2020-01-01,0,1,0,0,0
557,fishingToday,2019-12-31,1,0,1,0,0
556,fishingToday,2019-12-30,1,0,2,0,0
555,fishingToday,2019-12-29,0,1,1,0,0
554,fishingToday,2019-12-28,1,1,1,0,0
553,fishingToday,2019-12-27,0,0,1,0,0
552,fishingToday,2019-12-24,1,0,0,0,0
551,fishingToday,2019-12-22,0,0,1,0,0
550,fishingToday,2019-12-21,0,0,1,0,0
549,fishingToday,2019-12-14,0,1,1,0,0
548,fishingToday,2019-12-12,0,0,1,0,0
547,fishingToday,2019-12-11,0,1,0,0,0
546,fishingToday,2019-12-10,1,0,0,0,0
545,fishingToday,2019-12-09,1,0,0,0,0
544,fishingToday,2019-12-07,0,0,1,0,0
543,fishingToday,2019-12-06,0,1,1,0,0
542,fishingToday,2019-12-05,1,0,0,0,0
541,fishingToday,2019-12-04,0,1,0,0,0
540,fishingToday,2019-12-02,0,0,1,0,0
539,fishingToday,2019-12-01,0,1,1,0,0
538,fishingToday,2019-11-26,0,1,0,0,0
537,fishingToday,2019-11-23,0,0,1,0,0
536,fishingToday,2019-11-22,0,3,0,0,0
535,fishingToday,2019-11-15,0,2,1,0,0
534,fishingToday,2019-11-14,1,0,0,0,0
533,fishingToday,2019-11-11,0,0,1,0,0
532,fishingToday,2019-11-10,1,0,0,0,0
531,fishingToday,2019-11-08,0,1,0,0,0
530,fishingToday,2019-11-07,0,1,1,0,0
529,fishingToday,2019-11-02,0,0,1,0,0
528,fishingToday,2019-11-01,1,0,0,0,0
527,fishingToday,2019-10-30,0,0,1,0,0
526,fishingToday,2019-10-27,1,2,0,0,0
525,fishingToday,2019-10-26,1,0,0,0,0
524,fishingToday,2019-10-23,0,1,0,0,0
523,fishingToday,2019-10-21,0,0,1,0,0
522,fishingToday,2019-10-20,1,0,0,0,0
521,fishingToday,2019-10-19,1,1,0,0,0
520,fishingToday,2019-10-17,0,2,0,0,0
519,fishingToday,2019-10-14,0,0,2,0,0
518,fishingToday,2019-10-13,0,0,2,0,0
517,fishingToday,2019-10-10,1,0,0,0,0
516,fishingToday,2019-10-08,0,1,0,0,0
515,fishingToday,2019-10-06,0,1,0,0,0
514,fishingToday,2019-10-04,0,0,1,0,0
513,fishingToday,2019-10-03,0,0,1,0,0
512,fishingToday,2019-10-02,0,2,0,0,0
511,fishingToday,2019-10-01,2,0,0,0,0
510,fishingToday,2019-09-29,0,0,1,0,0
509,fishingToday,2019-09-28,0,0,1,0,0
508,fishingToday,2019-09-27,0,0,1,0,0
507,fishingToday,2019-09-26,0,1,0,0,0
506,fishingToday,2019-09-25,0,1,2,0,0
505,fishingToday,2019-09-24,0,1,1,0,0
504,fishingToday,2019-09-23,0,3,0,0,0
503,fishingToday,2019-09-21,1,0,0,0,0
502,fishingToday,2019-09-20,1,0,0,0,0
501,fishingToday,2019-09-18,1,0,0,0,0
500,fishingToday,2019-09-11,0,0,1,0,0
499,fishingToday,2019-09-09,0,1,0,0,0
498,fishingToday,2019-09-08,1,3,0,0,0
497,fishingToday,2019-09-06,1,0,0,0,0
496,fishingToday,2019-09-05,1,1,1,0,0
495,fishingToday,2019-09-03,0,1,2,0,0
494,fishingToday,2019-09-02,0,3,2,0,0
493,fishingToday,2019-08-31,1,0,0,0,0
492,fishingToday,2019-08-30,0,0,2,0,0
491,fishingToday,2019-08-29,0,0,1,0,0
490,fishingToday,2019-08-27,0,1,0,0,0
489,fishingToday,2019-08-26,0,1,3,0,0
488,fishingToday,2019-08-24,0,0,1,0,0
487,fishingToday,2019-08-23,0,1,0,0,0
486,fishingToday,2019-08-22,0,0,2,0,0
485,fishingToday,2019-08-18,1,0,0,0,0
484,fishingToday,2019-08-17,0,0,1,0,0
483,fishingToday,2019-08-16,1,0,0,0,0
482,fishingToday,2019-08-15,1,1,0,0,0
481,fishingToday,2019-08-13,2,0,0,0,0
480,fishingToday,2019-08-10,1,1,0,0,0
479,fishingToday,2019-08-09,2,0,0,0,0
478,fishingToday,2019-08-07,0,1,1,0,0
477,fishingToday,2019-08-06,0,1,0,0,0
476,fishingToday,2019-08-04,1,0,0,0,0
475,fishingToday,2019-08-03,0,0,1,0,0
474,fishingToday,2019-08-02,1,0,0,0,0
473,fishingToday,2019-08-01,0,1,1,0,0
472,fishingToday,2019-07-31,1,0,0,0,0
471,fishingToday,2019-07-29,0,1,0,0,0
470,fishingToday,2019-07-28,1,0,0,0,0
469,fishingToday,2019-07-27,0,1,0,0,0
468,fishingToday,2019-07-25,2,1,0,0,0
467,fishingToday,2019-07-24,0,1,0,0,0
466,fishingToday,2019-07-22,0,0,1,0,0
465,fishingToday,2019-07-21,2,1,0,0,0
464,fishingToday,2019-07-19,0,1,0,0,0
463,fishingToday,2019-07-18,1,0,0,0,0
462,fishingToday,2019-07-16,1,0,0,0,0
461,fishingToday,2019-07-15,2,0,1,0,0
460,fishingToday,2019-07-13,0,2,1,0,0
459,fishingToday,2019-07-12,0,1,1,0,0
458,fishingToday,2019-07-10,1,2,0,0,0
457,fishingToday,2019-07-09,1,1,1,0,0
456,fishingToday,2019-07-08,1,0,0,0,0
455,fishingToday,2019-07-07,0,1,2,0,0
454,fishingToday,2019-07-06,1,0,1,0,0
453,fishingToday,2019-07-05,0,0,1,0,0
452,fishingToday,2019-07-04,0,1,1,0,0
451,fishingToday,2019-07-01,1,1,0,0,0
450,fishingToday,2019-06-30,2,1,0,0,0
449,fishingToday,2019-06-29,1,0,0,0,0
448,fishingToday,2019-06-27,0,1,1,0,0
447,fishingToday,2019-06-26,0,1,0,0,0
446,fishingToday,2019-06-24,0,0,1,0,0
445,fishingToday,2019-06-21,1,0,0,0,0
444,fishingToday,2019-06-20,2,2,1,0,0
443,fishingToday,2019-06-17,0,1,0,0,0
442,fishingToday,2019-06-16,1,1,2,0,0
441,fishingToday,2019-06-15,0,1,0,0,0
440,fishingToday,2019-06-14,0,1,2,0,0
439,fishingToday,2019-06-13,0,0,1,0,0
438,fishingToday,2019-06-10,0,1,0,0,0
437,fishingToday,2019-06-08,2,0,0,0,0
436,fishingToday,2019-06-07,1,0,1,0,0
435,fishingToday,2019-06-05,1,0,1,0,0
434,fishingToday,2019-05-30,0,1,1,0,0
433,fishingToday,2019-05-29,0,1,2,0,0
432,fishingToday,2019-05-28,0,0,1,0,0
431,fishingToday,2019-05-27,1,0,0,0,0
430,fishingToday,2019-05-26,1,0,0,0,0
429,fishingToday,2019-05-25,0,1,0,0,0
428,fishingToday,2019-05-24,0,0,1,0,0
427,fishingToday,2019-05-23,1,1,1,0,0
426,fishingToday,2019-05-22,1,0,1,0,0
425,fishingToday,2019-05-21,0,0,1,0,0
424,fishingToday,2019-05-20,1,2,0,0,0
423,fishingToday,2019-05-19,0,1,0,0,0
422,fishingToday,2019-05-18,0,1,0,0,0
421,fishingToday,2019-05-14,0,0,1,0,0
420,fishingToday,2019-05-13,0,1,1,0,0
419,fishingToday,2019-05-11,2,1,0,0,0
418,fishingToday,2019-05-10,0,1,0,0,0
417,fishingToday,2019-05-09,0,0,2,0,0
416,fishingToday,2019-05-08,0,1,0,0,0
415,fishingToday,2019-01-20,0,1,0,0,0
414,fishingToday,2019-01-18,0,1,0,0,0
413,fishingToday,2019-01-17,0,0,3,0,0
412,fishingToday,2019-01-14,1,0,0,0,0
411,fishingToday,2019-01-12,0,0,1,0,0
410,fishingToday,2019-01-10,0,0,1,0,0
409,fishingToday,2019-01-09,0,0,1,0,0
408,fishingToday,2019-01-06,1,0,0,0,0
407,fishingToday,2019-01-05,0,1,0,0,0
406,fishingToday,2019-01-02,0,0,1,0,0
405,fishingToday,2019-01-01,1,0,1,0,0
404,fishingToday,2018-12-31,1,0,1,0,0
403,fishingToday,2018-12-27,1,0,0,0,0
402,fishingToday,2018-12-25,0,0,3,0,0
401,fishingToday,2018-12-23,0,0,1,0,0
400,fishingToday,2018-12-20,0,0,1,0,0
399,fishingToday,2018-12-19,0,2,0,0,0
398,fishingToday,2018-12-18,1,0,1,0,0
397,fishingToday,2018-12-17,0,0,1,0,0
396,fishingToday,2018-12-16,0,0,1,0,0
395,fishingToday,2018-12-12,0,0,1,0,0
394,fishingToday,2018-12-10,0,0,1,0,0
393,fishingToday,2018-12-09,1,1,0,0,0
392,fishingToday,2018-12-08,0,0,2,0,0
391,fishingToday,2018-12-06,1,1,0,0,0
390,fishingToday,2018-12-05,0,1,0,0,0
389,fishingToday,2018-12-04,0,0,1,0,0
388,fishingToday,2018-12-03,0,0,1,0,0
387,fishingToday,2018-12-02,0,1,2,0,0
386,fishingToday,2018-12-01,0,2,3,0,0
385,fishingToday,2018-11-28,0,0,1,0,0
384,fishingToday,2018-11-27,1,0,0,0,0
383,fishingToday,2018-11-25,1,1,0,0,0
382,fishingToday,2018-11-20,2,2,1,0,0
381,fishingToday,2018-11-18,1,0,1,0,0
380,fishingToday,2018-11-17,0,1,0,0,0
379,fishingToday,2018-11-15,0,0,2,0,0
378,fishingToday,2018-11-14,0,1,0,0,0
377,fishingToday,2018-11-09,1,0,0,0,0
376,fishingToday,2018-11-07,0,1,0,0,0
375,fishingToday,2018-11-05,2,2,0,0,0
374,fishingToday,2018-11-04,1,2,0,0,0
373,fishingToday,2018-11-03,0,1,1,0,0
372,fishingToday,2018-11-02,1,0,0,0,0
371,fishingToday,2018-11-01,0,0,1,0,0
370,fishingToday,2018-10-29,1,2,0,0,0
369,fishingToday,2018-10-28,2,1,0,0,0
368,fishingToday,2018-10-27,1,0,0,0,0
367,fishingToday,2018-10-26,1,1,0,0,0
366,fishingToday,2018-10-25,1,1,0,0,0
365,fishingToday,2018-10-22,0,1,1,0,0
364,fishingToday,2018-10-21,0,0,1,0,0
363,fishingToday,2018-10-20,0,0,2,0,0
362,fishingToday,2018-10-19,0,0,1,0,0
361,fishingToday,2018-10-18,1,0,1,0,0
360,fishingToday,2018-10-17,1,1,0,0,0
359,fishingToday,2018-10-16,1,0,3,0,0
358,fishingToday,2018-10-14,0,0,1,0,0
357,fishingToday,2018-10-13,0,0,1,0,0
356,fishingToday,2018-10-11,0,0,2,0,0
355,fishingToday,2018-10-10,0,1,1,0,0
354,fishingToday,2018-10-09,1,1,0,0,0
353,fishingToday,2018-10-08,0,3,0,0,0
352,fishingToday,2018-10-07,0,0,1,0,0
351,fishingToday,2018-10-06,3,3,0,0,0
350,fishingToday,2018-10-05,0,1,0,0,0
349,fishingToday,2018-10-03,1,3,2,0,0
348,fishingToday,2018-10-02,1,0,0,0,0
347,fishingToday,2018-10-01,1,1,0,0,0
346,fishingToday,2018-09-30,1,0,0,0,0
345,fishingToday,2018-09-29,0,2,1,0,0
344,fishingToday,2018-09-28,0,1,1,0,0
343,fishingToday,2018-09-27,1,0,0,0,0
342,fishingToday,2018-09-24,1,0,0,0,0
341,fishingToday,2018-09-23,1,1,0,0,0
340,fishingToday,2018-09-22,2,3,0,0,0
339,fishingToday,2018-09-20,5,0,2,0,0
338,fishingToday,2018-09-19,2,0,0,0,0
337,fishingToday,2018-09-18,1,3,1,0,0
336,fishingToday,2018-09-17,0,1,1,0,0
335,fishingToday,2018-09-16,3,0,0,0,0
334,fishingToday,2018-09-14,0,1,1,0,0
333,fishingToday,2018-09-13,0,0,1,0,0
332,fishingToday,2018-09-12,0,0,1,0,0
331,fishingToday,2018-09-11,1,0,1,0,0
330,fishingToday,2018-09-10,0,1,0,0,0
329,fishingToday,2018-09-09,4,1,1,0,0
328,fishingToday,2018-09-08,0,1,0,0,0
327,fishingToday,2018-09-07,0,2,2,0,0
326,fishingToday,2018-09-06,1,1,0,0,0
325,fishingToday,2018-09-05,0,0,1,0,0
324,fishingToday,2018-09-04,0,0,1,0,0
323,fishingToday,2018-09-03,0,0,1,0,0
322,fishingToday,2018-09-02,0,1,0,0,0
321,fishingToday,2018-09-01,0,1,1,0,0
320,fishingToday,2018-08-31,0,1,0,0,0
319,fishingToday,2018-08-30,0,0,1,0,0
318,fishingToday,2018-08-29,0,0,1,0,0
317,fishingToday,2018-08-28,0,0,1,0,0
316,fishingToday,2018-08-27,0,1,1,0,0
315,fishingToday,2018-08-26,0,1,1,0,0
314,fishingToday,2018-08-25,2,0,1,0,0
313,fishingToday,2018-08-24,0,1,0,0,0
312,fishingToday,2018-08-23,2,0,0,0,0
311,fishingToday,2018-08-22,2,1,0,0,0
310,fishingToday,2018-08-21,0,0,1,0,0
309,fishingToday,2018-08-19,0,0,3,0,0
308,fishingToday,2018-08-18,0,0,1,0,0
307,fishingToday,2018-08-17,0,1,2,0,0
306,fishingToday,2018-08-13,2,0,0,0,0
305,fishingToday,2018-08-12,2,1,0,0,0
304,fishingToday,2018-08-11,0,2,0,0,0
303,fishingToday,2018-08-10,0,0,1,0,0
302,fishingToday,2018-08-08,0,0,1,0,0
301,fishingToday,2018-08-07,0,0,1,0,0
300,fishingToday,2018-08-06,1,0,2,0,0
299,fishingToday,2018-08-05,0,1,0,0,0
298,fishingToday,2018-08-04,0,0,1,0,0
297,fishingToday,2018-08-03,2,2,0,0,0
296,fishingToday,2018-08-02,0,1,1,0,0
295,fishingToday,2018-08-01,0,1,2,0,0
294,fishingToday,2018-07-31,0,1,0,0,0
286,fishingToday,2018-07-22,1,1,1,0,0
285,fishingToday,2018-07-20,0,1,0,0,0
284,fishingToday,2018-07-17,1,0,1,0,0
283,fishingToday,2018-07-16,1,0,0,0,0
282,fishingToday,2018-07-15,0,1,0,0,0
281,fishingToday,2018-07-12,1,0,0,0,0
280,fishingToday,2018-07-11,0,0,1,0,0
279,fishingToday,2018-07-10,1,1,2,0,0
278,fishingToday,2018-07-09,1,2,1,0,0
277,fishingToday,2018-07-08,2,0,1,0,0
276,fishingToday,2018-07-07,2,1,0,0,0
275,fishingToday,2018-07-06,0,0,1,0,0
274,fishingToday,2018-07-05,1,0,0,0,0
273,fishingToday,2018-07-04,1,0,0,0,0
272,fishingToday,2018-07-02,1,3,0,0,0
271,fishingToday,2018-07-01,3,0,1,0,0
270,fishingToday,2018-06-30,1,3,4,0,0
269,fishingToday,2018-06-29,1,1,1,0,0
268,fishingToday,2018-06-28,1,0,1,0,0
267,fishingToday,2018-06-27,0,1,0,0,0
266,fishingToday,2018-06-26,2,0,0,0,0
265,fishingToday,2018-06-25,1,0,2,0,0
264,fishingToday,2018-06-24,1,1,2,0,0
263,fishingToday,2018-06-23,2,1,0,0,0
262,fishingToday,2018-06-22,2,1,3,0,0
261,fishingToday,2018-06-21,1,2,1,0,0
260,fishingToday,2018-06-20,1,0,0,0,0
259,fishingToday,2018-06-19,1,2,2,0,0
258,fishingToday,2018-06-18,0,1,0,0,0
257,fishingToday,2018-06-17,0,2,2,0,0
256,fishingToday,2018-06-16,0,1,0,0,0
255,fishingToday,2018-06-15,1,1,1,0,0
254,fishingToday,2018-06-14,1,0,0,0,0
253,fishingToday,2018-06-13,0,1,1,0,0
252,fishingToday,2018-06-12,1,0,1,0,0
251,fishingToday,2018-06-11,1,0,0,0,0
250,fishingToday,2018-06-10,0,2,0,0,0
249,fishingToday,2018-06-09,0,3,3,0,0
248,fishingToday,2018-06-08,1,1,2,0,0
247,fishingToday,2018-06-07,0,0,1,0,0
246,fishingToday,2018-06-05,1,1,2,0,0
245,fishingToday,2018-06-04,0,0,2,0,0
244,fishingToday,2018-06-03,0,0,2,0,0
243,fishingToday,2018-06-02,0,1,0,0,0
242,fishingToday,2018-06-01,1,0,2,0,0
241,fishingToday,2018-05-31,2,1,0,0,0
240,fishingToday,2018-05-30,0,0,1,0,0
239,fishingToday,2018-05-29,3,0,1,0,0
238,fishingToday,2018-05-28,2,2,3,0,0
237,fishingToday,2018-05-27,1,0,3,0,0
236,fishingToday,2018-05-25,1,2,2,0,0
235,fishingToday,2018-05-24,0,1,1,0,0
234,fishingToday,2018-05-23,0,1,1,0,0
233,fishingToday,2018-05-22,0,1,0,0,0
232,fishingToday,2018-05-20,1,0,0,0,0
231,fishingToday,2018-05-19,2,2,1,0,0
230,fishingToday,2018-05-18,0,1,2,0,0
229,fishingToday,2018-05-15,2,0,0,0,0
228,fishingToday,2018-05-14,0,1,1,0,0
227,fishingToday,2018-05-13,0,1,0,0,0
226,fishingToday,2018-05-12,1,0,1,0,0
225,fishingToday,2018-05-11,0,1,1,0,0
224,fishingToday,2018-05-10,0,1,1,0,0
223,fishingToday,2018-05-09,0,0,1,0,0
222,fishingToday,2018-05-08,0,0,1,0,0
221,fishingToday,2018-05-07,1,1,1,0,0
220,fishingToday,2018-05-06,3,1,4,0,0
219,fishingToday,2018-05-05,1,2,4,0,0
218,fishingToday,2018-05-04,2,2,1,0,0
217,fishingToday,2018-05-03,0,0,3,0,0
216,fishingToday,2018-05-02,0,1,0,0,0
215,fishingToday,2018-05-01,0,0,1,0,0
214,fishingToday,2018-04-30,1,2,0,0,0
213,fishingToday,2018-04-29,0,0,1,0,0
212,fishingToday,2018-04-28,0,1,0,0,0
211,fishingToday,2018-04-27,0,2,3,0,0
210,fishingToday,2018-04-26,0,1,2,0,0
209,fishingToday,2018-04-25,0,0,1,0,0
208,fishingToday,2018-04-23,0,1,0,0,0
207,fishingToday,2018-04-22,1,0,1,0,0
206,fishingToday,2018-04-21,1,3,7,0,0
205,fishingToday,2018-04-20,1,0,0,0,0
204,fishingToday,2018-04-19,0,1,0,0,0
203,fishingToday,2018-04-18,1,0,0,0,0
202,fishingToday,2018-04-17,1,2,0,0,0
201,fishingToday,2018-04-16,0,1,0,0,0
200,fishingToday,2018-04-15,0,2,0,0,0
199,fishingToday,2018-04-13,1,0,1,0,0
198,fishingToday,2018-04-12,0,3,1,0,0
197,fishingToday,2018-04-11,0,1,0,0,0
196,fishingToday,2018-04-11,0,1,0,0,0
195,fishingToday,2018-04-08,0,2,0,0,0
194,fishingToday,2018-04-07,0,1,0,0,0
193,fishingToday,2018-04-06,0,0,1,0,0
192,fishingToday,2018-04-05,0,0,1,0,0
191,fishingToday,2018-04-01,0,0,1,0,0
190,fishingToday,2018-03-31,1,2,0,0,0
189,fishingToday,2018-03-29,0,1,0,0,0
188,fishingToday,2018-03-28,0,0,1,0,0
187,fishingToday,2018-03-26,0,1,2,0,0
186,fishingToday,2018-03-24,1,0,0,0,0
185,fishingToday,2018-03-22,2,1,0,0,0
184,fishingToday,2018-03-21,0,1,0,0,0
183,fishingToday,2018-03-20,1,0,0,0,0
182,fishingToday,2018-03-19,2,1,0,0,0
181,fishingToday,2018-03-18,0,0,2,0,0
180,fishingToday,2018-03-13,1,0,0,0,0
179,fishingToday,2018-03-12,0,1,0,0,0
178,fishingToday,2018-03-11,0,1,0,0,0
177,fishingToday,2018-03-10,0,1,2,0,0
176,fishingToday,2018-03-09,0,1,0,0,0
175,fishingToday,2018-03-07,0,2,0,0,0
174,fishingToday,2018-03-06,0,1,3,0,0
173,fishingToday,2018-03-04,0,0,2,0,0
172,fishingToday,2018-03-03,0,0,1,0,0
171,fishingToday,2018-03-02,1,1,0,0,0
170,fishingToday,2018-02-27,1,3,1,0,0
169,fishingToday,2018-02-26,0,1,1,0,0
168,fishingToday,2018-02-25,0,1,0,0,0
167,fishingToday,2018-02-22,1,1,1,0,0
166,fishingToday,2018-02-19,0,1,1,0,0
165,fishingToday,2018-02-16,0,2,3,0,0
164,fishingToday,2018-02-15,1,0,0,0,0
163,fishingToday,2018-02-11,0,0,2,0,0
162,fishingToday,2018-02-09,0,1,0,0,0
161,fishingToday,2018-02-08,0,1,1,0,0
160,fishingToday,2018-02-06,1,3,0,0,0
159,fishingToday,2018-02-05,0,0,1,0,0
158,fishingToday,2018-02-02,1,0,1,0,0
157,fishingToday,2018-02-01,0,0,1,0,0
156,fishingToday,2018-01-31,0,1,0,0,0
155,fishingToday,2018-01-30,1,2,1,0,0
154,fishingToday,2018-01-29,0,0,1,0,0
153,fishingToday,2018-01-27,0,1,4,0,0
152,fishingToday,2018-01-21,0,0,1,0,0
151,fishingToday,2018-01-20,0,0,1,0,0
150,fishingToday,2018-01-19,1,0,0,0,0
149,fishingToday,2018-01-18,0,0,1,0,0
148,fishingToday,2018-01-16,0,1,0,0,0
147,fishingToday,2018-01-15,0,1,0,0,0
146,fishingToday,2018-01-11,1,0,0,0,0
145,fishingToday,2018-01-10,0,0,1,0,0
144,fishingToday,2018-01-08,0,1,0,0,0
143,fishingToday,2018-01-07,0,1,3,0,0
142,fishingToday,2018-01-06,6,0,0,0,0
141,fishingToday,2018-01-04,1,6,0,0,0
140,fishingToday,2018-01-03,1,0,0,0,0
139,fishingToday,2018-01-02,0,0,1,0,0
138,fishingToday,2017-12-25,1,0,0,0,0
137,fishingToday,2017-12-24,0,0,1,0,0
136,fishingToday,2017-12-22,0,1,2,0,0
135,fishingToday,2017-12-21,0,0,1,0,0
134,fishingToday,2017-12-18,0,1,0,0,0
133,fishingToday,2017-12-17,1,0,1,0,0
132,fishingToday,2017-12-17,1,0,1,0,0
131,fishingToday,2017-12-15,1,0,0,0,0
130,fishingToday,2017-12-14,1,0,2,0,0
129,fishingToday,2017-12-13,0,1,0,0,0
128,fishingToday,2017-12-12,0,0,1,0,0
127,fishingToday,2017-12-11,0,1,0,0,0
126,fishingToday,2017-12-09,0,1,1,0,0
125,fishingToday,2017-12-08,1,0,0,0,0
124,fishingToday,2017-12-07,0,0,1,0,0
123,fishingToday,2017-12-05,0,1,0,0,0
122,fishingToday,2017-12-02,0,2,1,0,0
121,fishingToday,2017-11-27,0,3,0,0,0
120,fishingToday,2017-11-26,0,1,1,0,0
119,fishingToday,2017-11-25,0,1,0,0,0
118,fishingToday,2017-11-24,0,0,1,0,0
117,fishingToday,2017-11-22,0,0,2,0,0
116,fishingToday,2017-11-20,0,0,1,0,0
115,fishingToday,2017-11-19,4,4,3,0,0
114,fishingToday,2017-11-18,1,0,1,0,0
113,fishingToday,2017-11-15,0,1,1,0,0
112,fishingToday,2017-11-14,1,0,0,0,0
111,fishingToday,2017-11-13,1,1,0,0,0
110,fishingToday,2017-11-09,0,1,1,0,0
109,fishingToday,2017-11-08,0,0,1,0,0
108,fishingToday,2017-11-06,1,0,0,0,0
107,fishingToday,2017-11-04,1,0,1,0,0
106,fishingToday,2017-11-03,0,1,0,0,0
105,fishingToday,2017-11-02,0,1,0,0,0
104,fishingToday,2017-11-01,1,0,0,0,0
103,fishingToday,2017-10-27,0,1,1,0,0
102,fishingToday,2017-10-26,0,3,0,0,0
101,fishingToday,2017-10-22,0,0,3,0,0
100,fishingToday,2017-10-18,0,1,0,0,0
99,fishingToday,2017-10-17,0,0,1,0,0
98,fishingToday,2017-10-08,0,1,0,0,0
97,fishingToday,2017-10-07,2,0,1,0,0
96,fishingToday,2017-10-06,0,0,1,0,0
95,fishingToday,2017-10-03,0,1,0,0,0
94,fishingToday,2017-10-02,0,1,0,0,0
93,fishingToday,2017-10-01,2,0,0,0,0
92,fishingToday,2017-09-30,0,2,0,0,0
91,fishingToday,2017-09-29,1,0,1,0,0
90,fishingToday,2017-09-28,0,0,1,0,0
89,fishingToday,2017-09-27,0,0,1,0,0
88,fishingToday,2017-09-25,0,1,0,0,0
87,fishingToday,2017-09-23,0,0,1,0,0
86,fishingToday,2017-09-21,0,0,1,0,0
85,fishingToday,2017-09-19,1,0,0,0,0
84,fishingToday,2017-09-10,1,0,3,0,0
83,fishingToday,2017-09-09,1,0,1,0,0
82,fishingToday,2017-09-08,1,0,0,0,0
81,fishingToday,2017-09-07,0,0,1,0,0
80,fishingToday,2017-09-06,0,0,1,0,0
79,fishingToday,2017-09-05,0,0,1,0,0
78,fishingToday,2017-09-04,0,0,1,0,0
77,fishingToday,2017-09-03,2,0,1,0,0
76,fishingToday,2017-09-01,0,1,0,0,0
75,fishingToday,2017-08-28,0,0,1,0,0
74,fishingToday,2017-08-26,0,1,0,0,0
73,fishingToday,2017-08-23,0,0,1,0,0
72,fishingToday,2017-08-22,2,0,1,0,0
71,fishingToday,2017-08-21,1,2,1,0,0
70,fishingToday,2017-08-19,1,0,1,0,0
69,fishingToday,2017-08-18,0,1,0,0,0
68,fishingToday,2017-08-17,2,1,0,0,0
67,fishingToday,2017-08-14,1,0,0,0,0
66,fishingToday,2017-08-08,0,0,1,0,0
65,fishingToday,2017-08-07,1,0,0,0,0
64,fishingToday,2017-08-06,0,1,0,0,0
63,fishingToday,2017-08-04,0,0,1,0,0
62,fishingToday,2017-08-02,1,0,1,0,0
61,fishingToday,2017-08-01,0,2,2,0,0
60,fishingToday,2017-07-30,0,1,1,0,0
59,fishingToday,2017-07-24,1,0,0,0,0
58,fishingToday,2017-07-23,0,1,2,0,0
57,fishingToday,2017-07-22,2,0,1,0,0
56,fishingToday,2017-07-21,1,0,0,0,0
55,fishingToday,2017-07-20,0,2,0,0,0
54,fishingToday,2017-07-19,0,0,1,0,0
53,fishingToday,2017-07-18,0,0,3,0,0
52,fishingToday,2017-07-17,0,0,2,0,0
51,fishingToday,2017-07-16,0,2,3,0,0
50,fishingToday,2017-07-15,1,0,1,0,0
49,fishingToday,2017-07-14,0,1,2,0,0
48,fishingToday,2017-07-12,1,0,0,0,0
47,fishingToday,2017-07-09,0,0,1,0,0
46,fishingToday,2017-07-08,2,0,0,0,0
45,fishingToday,2017-07-06,1,0,0,0,0
44,fishingToday,2017-07-05,8,0,0,0,0
43,fishingToday,2017-07-05,8,0,0,0,0
42,fishingToday,2017-07-04,1,0,0,0,0
41,fishingToday,2017-07-02,0,0,1,0,0
40,fishingToday,2017-06-28,1,0,0,0,0
39,fishingToday,2017-06-26,0,1,0,0,0
38,fishingToday,2017-06-25,1,0,1,0,0
37,fishingToday,2017-06-23,2,0,0,0,0
36,fishingToday,2017-06-17,1,2,0,0,0
35,fishingToday,2017-06-15,1,3,0,0,0
34,fishingToday,2017-06-14,0,0,1,0,0
33,fishingToday,2017-06-13,0,1,0,0,0
32,fishingToday,2017-06-11,0,0,1,0,0
31,fishingToday,2017-06-10,0,0,3,0,0
30,fishingToday,2017-06-08,0,3,0,0,0
29,fishingToday,2017-06-06,0,1,0,0,0
28,fishingToday,2017-06-05,1,0,0,0,0
27,fishingToday,2017-06-04,0,2,0,0,0
26,fishingToday,2017-06-03,0,0,2,0,0
25,fishingToday,2017-06-01,0,1,0,0,0
24,fishingToday,2017-05-29,0,1,0,0,0
23,fishingToday,2017-05-28,3,1,0,0,0
22,fishingToday,2017-05-27,0,1,0,0,0
21,fishingToday,2017-05-26,0,2,0,0,0
20,fishingToday,2017-05-23,0,1,0,0,0
19,fishingToday,2017-05-22,1,0,0,0,0
18,fishingToday,2017-05-21,1,1,1,0,0
17,fishingToday,2017-05-20,1,0,0,0,0
16,fishingToday,2017-05-19,1,0,0,0,0
15,fishingToday,2017-05-18,3,1,0,0,0
14,fishingToday,2017-05-17,1,2,4,0,0
13,fishingToday,2017-05-16,1,2,0,0,0
12,fishingToday,2017-05-15,0,1,0,0,0
11,fishingToday,2017-05-14,9,3,0,0,0
10,fishingToday,2017-05-13,1,2,1,0,0
9,fishingToday,2017-05-12,0,1,3,0,0
8,fishingToday,2017-05-11,3,1,1,0,0
7,fishingToday,2017-05-10,0,0,2,0,0
6,fishingToday,2017-05-09,4,0,0,0,0
5,fishingToday,2017-05-07,0,0,1,0,0
4,fishingToday,2017-05-04,1,0,1,0,0
3,fishingToday,2017-05-03,2,0,1,0,0
2,fishingToday,2017-05-02,29,7,12,0,0
1,fishingToday,2017-05-01,2,2,5,0,0
